Quantity,Name,Simple Name,Set,Set Code,Card Number,Language,Finish,Rarity,TCGPlayer Product ID,TCGPlayer SKU,TCGPlayer Price Each,TCGPlayer Fetch Date,Booster,Frame Effects,Full Art?,Promo Types,Set Type,Color Indicator,Mana Cost,Type Line,Oracle Text,Colors,Oracle ID,Layout,Arena ID,MTGO ID,Multiverse IDs,cardmarket ID,Scryfall ID,Defense,Loyalty,Power,Toughness,CMC,Color Identity,EDHREC Rank,Keywords,Penny Rank,Produced Mana,Reprint?,Reserved?,Scryfall Set Code,Scryfall URL,Standard Legal?,Future Legal?,Historic Legal?,Timeless Legal?,Gladiator Legal?,Pioneer Legal?,Explorer Legal?,Modern Legal?,Legacy Legal?,Pauper Legal?,Vintage Legal?,Penny Legal?,Commander Legal?,Oathbreaker Legal?,Brawl Legal?,Standard Brawl Legal?,Alchemy Legal?,Pauper Commander Legal?,Duel Legal?,Old School Legal?,Premodern Legal?,PreDH Legal?,Scryfall Fetch Date,Notes,Proxy
1,"Barrin's Codex","Barrin's Codex","",USG,286,,Normal,Rare,,,,,true,"",false,"",expansion,,{4},Artifact,"At the beginning of your upkeep, you may put a page counter on Barrin's Codex.; {4}, {T}, Sacrifice Barrin's Codex: Draw X cards, where X is the number of page counters on Barrin's Codex.",,F7C237E6-17A4-4E72-8CC3-456AEC738394,normal,,11947,"5735",10493,9951B225-F11E-41BD-AB6E-E1FDA957DFF3,,,,,4,,20463,"",14723,,false,false,usg,https://scryfall.com/card/usg/286/barrins-codex?utm_source=api,not_legal,not_legal,not_legal,not_legal,not_legal,not_legal,not_legal,not_legal,legal,not_legal,legal,legal,legal,legal,not_legal,not_legal,not_legal,not_legal,legal,not_legal,legal,legal,2024-11-06T09:26:08.044-09:00,,
1,"Black Sun's Twilight","Black Sun's Twilight","Phyrexia: All Will Be One",ONE,84,English,Foil,Rare,478294,6929868,0.46,2024-04-17T22:16:38.158-08:00,true,"",false,"",expansion,,{X}{B},Instant,"Up to one target creature gets -X/-X until end of turn. If X is 5 or more, return a creature card with mana value X or less from your graveyard to the battlefield tapped.",B,AF105CDA-1F7C-4868-9407-A97C46BD762D,normal,83784,106383,"602614",692398,E5BB4DEF-C67C-44C2-B3B2-8C53A077432D,,,,,1,B,2871,"",6567,,false,false,one,https://scryfall.com/card/one/84/black-suns-twilight?utm_source=api,legal,legal,legal,legal,legal,legal,legal,legal,legal,not_legal,legal,legal,legal,legal,legal,legal,not_legal,not_legal,legal,not_legal,not_legal,not_legal,2024-11-06T09:25:05.275-09:00,,
1,"Black Sun's Twilight (Extended Art)","Black Sun's Twilight","Phyrexia: All Will Be One",ONE,383,English,Foil,Rare,478312,6930943,0.54,2024-02-06T00:30:01.000-09:00,false,"extendedart",false,"boosterfun",expansion,,{X}{B},Instant,"Up to one target creature gets -X/-X until end of turn. If X is 5 or more, return a creature card with mana value X or less from your graveyard to the battlefield tapped.",B,AF105CDA-1F7C-4868-9407-A97C46BD762D,normal,0,106001,"604755",692698,646144B6-F644-4A3F-AF46-63FEB16BD0F9,,,,,1,B,2871,"",6567,,false,false,one,https://scryfall.com/card/one/383/black-suns-twilight?utm_source=api,legal,legal,legal,legal,legal,legal,legal,legal,legal,not_legal,legal,legal,legal,legal,legal,legal,not_legal,not_legal,legal,not_legal,not_legal,not_legal,2024-11-06T09:23:25.005-09:00,,
1,"Blast Zone (Extended Art)","Blast Zone","The Brothers' War",BRO,369,English,Normal,Rare,452273,6690023,1.39,2024-02-06T00:30:01.000-09:00,false,"extendedart",false,"boosterfun",expansion,,,Land,"Blast Zone enters with a charge counter on it.; {T}: Add {C}.; {X}{X}, {T}: Put X charge counters on Blast Zone.; {3}, {T}, Sacrifice Blast Zone: Destroy each nonland permanent with mana value equal to the number of charge counters on Blast Zone.",,393A254F-BE31-431A-9341-A51286F8CBCE,normal,0,0,"585772",0,08F9B863-10B7-46D6-BADD-97381E6C7C5E,,,,,0,,1118,"",100,C,true,false,bro,https://scryfall.com/card/bro/369/blast-zone?utm_source=api,legal,legal,legal,legal,legal,legal,legal,legal,legal,not_legal,legal,legal,legal,legal,legal,legal,not_legal,not_legal,legal,not_legal,not_legal,not_legal,2024-11-06T09:23:24.924-09:00,,
1,"Blight","Blight","Fifth Edition",5ED,144,English,Normal,Uncommon,2048,16169,0.25,2024-02-06T00:30:01.000-09:00,true,"",false,"",core,,{B}{B},Enchantment — Aura,"Enchant land; When enchanted land becomes tapped, destroy it.",B,19066C43-ECCD-461B-9695-C3FAD95DC1DA,normal,0,0,"3827",9377,AFFD5566-9EC6-4713-A804-CEC9B13B1DA1,,,,,2,B,21338,"Enchant",4012,,true,false,5ed,https://scryfall.com/card/5ed/144/blight?utm_source=api,not_legal,not_legal,not_legal,not_legal,not_legal,not_legal,not_legal,not_legal,legal,not_legal,legal,not_legal,legal,legal,not_legal,not_legal,not_legal,not_legal,legal,not_legal,legal,legal,2024-11-06T09:23:24.992-09:00,,
1,"Blightbelly Rat (Showcase) (Step-and-Compleat Foil)","Blightbelly Rat","Phyrexia: All Will Be One",ONE,435,English,Foil,Uncommon,479004,6949689,0.21,2024-02-06T00:30:01.000-09:00,false,"showcase, inverted",false,"stepandcompleat, boosterfun",expansion,,{1}{B},Creature — Phyrexian Rat,"Toxic 1 (Players dealt combat damage by this creature also get a poison counter.); When Blightbelly Rat dies, proliferate. (Choose any number of permanents and/or players, then give each another counter of each kind already there.)",B,B0102259-7A2C-470E-B04B-4A1F615D057C,normal,0,105968,"",693868,E4BF86E8-DF70-4EC0-8FE6-F15191774E50,,,2,2,2,B,1944,"Toxic, Proliferate",4478,,false,false,one,https://scryfall.com/card/one/435/blightbelly-rat?utm_source=api,legal,legal,legal,legal,legal,legal,legal,legal,legal,legal,legal,not_legal,legal,legal,legal,legal,not_legal,legal,legal,not_legal,not_legal,not_legal,2024-11-06T09:23:25.034-09:00,,
1,"Blightsteel Colossus","Blightsteel Colossus","Double Masters",2XM,235,English,Normal,Mythic,214839,4433147,32.37,2024-04-17T22:16:38.158-08:00,true,"",false,"",masters,,{12},Artifact Creature — Phyrexian Golem,"Trample, infect, indestructible; If Blightsteel Colossus would be put into a graveyard from anywhere, reveal Blightsteel Colossus and shuffle it into its owner's library instead.",,E80772E2-8623-4094-81A2-70828B2B151C,normal,0,82504,"489908",462579,18ADBDA4-8D36-47CD-AFBC-C785AAA8ED80,,,11,11,12,,944,"Indestructible, Trample, Infect",237,,true,false,2xm,https://scryfall.com/card/2xm/235/blightsteel-colossus?utm_source=api,not_legal,not_legal,not_legal,not_legal,not_legal,not_legal,not_legal,legal,legal,not_legal,legal,legal,legal,legal,not_legal,not_legal,not_legal,not_legal,legal,not_legal,not_legal,legal,2024-11-06T09:24:50.825-09:00,,
1,"Bonepicker Skirge (Showcase) (Step-and-Compleat Foil)","Bonepicker Skirge","Phyrexia: All Will Be One",ONE,436,English,Foil,Common,479007,6949724,0.05,2024-02-06T00:30:01.000-09:00,false,"showcase, inverted",false,"stepandcompleat, boosterfun",expansion,,{2}{B},Creature — Phyrexian Imp,"Flying; Corrupted — As long as an opponent has three or more poison counters, Bonepicker Skirge has deathtouch and lifelink.",B,C42833E6-3E42-4BD6-ACBC-D8E284E9833E,normal,0,0,"",693873,14C1B7BB-79CA-44C2-9152-D302CA00EB3E,,,2,2,3,B,14228,"Flying, Corrupted",0,,false,false,one,https://scryfall.com/card/one/436/bonepicker-skirge?utm_source=api,legal,legal,legal,legal,legal,legal,legal,legal,legal,legal,legal,not_legal,legal,legal,legal,legal,not_legal,legal,legal,not_legal,not_legal,not_legal,2024-11-06T09:23:25.013-09:00,,
1,"Caged Sun","Caged Sun","",40K,231,,Normal,Rare,,,,,false,"",false,"",commander,,{6},Artifact,"As Caged Sun enters, choose a color.; Creatures you control of the chosen color get +1/+1.; Whenever a land's ability causes you to add one or more mana of the chosen color, add one additional mana of that color.",,09B895FF-E729-48D1-BFC1-EA5FD7ADDA6A,normal,,108316,"582480",675386,E828D87A-F2C7-475B-8C8F-B36474C50CF9,,,,,6,,587,"",12224,BGRUW,true,false,40k,https://scryfall.com/card/40k/231/caged-sun?utm_source=api,not_legal,not_legal,legal,legal,legal,not_legal,not_legal,legal,legal,not_legal,legal,legal,legal,legal,legal,not_legal,not_legal,not_legal,legal,not_legal,not_legal,legal,2024-11-06T09:26:08.045-09:00,,
1,"Caress of Phyrexia","Caress of Phyrexia","New Phyrexia",NPH,53,English,Normal,Uncommon,39497,417155,0.2,2024-04-17T22:16:38.158-08:00,true,"",false,"",expansion,,{3}{B}{B},Sorcery,"Target player draws three cards, loses 3 life, and gets three poison counters.",B,8253FCAC-0C07-41E8-AFA4-34021F9EF6F4,normal,0,39850,"218061",245884,5EF987AD-A3DC-4EF5-90EC-9A8CFA95965B,,,,,5,B,7017,"",13639,,false,false,nph,https://scryfall.com/card/nph/53/caress-of-phyrexia?utm_source=api,not_legal,not_legal,not_legal,not_legal,not_legal,not_legal,not_legal,legal,legal,not_legal,legal,legal,legal,legal,not_legal,not_legal,not_legal,not_legal,legal,not_legal,not_legal,legal,2024-11-06T09:24:50.840-09:00,,
1,"Contamination","Contamination","Urza's Saga",USG,123,English,Normal,Rare,6825,20306,12.26,2024-02-06T00:30:01.000-09:00,true,"",false,"",expansion,,{2}{B},Enchantment,"At the beginning of your upkeep, sacrifice Contamination unless you sacrifice a creature.; If a land is tapped for mana, it produces {B} instead of any other type and amount.",B,4013B4C2-C9ED-4D14-90F0-97214EC1FDED,normal,0,11923,"5768",10330,86067DFE-65C3-4C96-BCCD-B3915D6663F9,,,,,3,B,6470,"",0,,false,false,usg,https://scryfall.com/card/usg/123/contamination?utm_source=api,not_legal,not_legal,not_legal,not_legal,not_legal,not_legal,not_legal,not_legal,legal,not_legal,legal,not_legal,legal,legal,not_legal,not_legal,not_legal,not_legal,legal,not_legal,legal,legal,2024-11-06T09:23:24.967-09:00,,
1,"Core Prowler","Core Prowler","Mirrodin Besieged",MBS,103,English,Normal,Uncommon,39092,414273,0.58,2024-04-17T22:16:38.158-08:00,true,"",false,"",expansion,,{4},Artifact Creature — Phyrexian Horror,"Infect (This creature deals damage to creatures in the form of -1/-1 counters and to players in the form of poison counters.); When Core Prowler dies, proliferate. (Choose any number of permanents and/or players, then give each another counter of each kind already there.)",,0AD44727-41C3-471C-B038-1BF43C5F296A,normal,0,39481,"213822",245363,05414BA7-0F59-4C73-931C-E599D149D3BA,,,2,2,4,,5393,"Proliferate, Infect",7777,,false,false,mbs,https://scryfall.com/card/mbs/103/core-prowler?utm_source=api,not_legal,not_legal,not_legal,not_legal,not_legal,not_legal,not_legal,legal,legal,not_legal,legal,legal,legal,legal,not_legal,not_legal,not_legal,restricted,legal,not_legal,not_legal,legal,2024-11-06T09:24:50.829-09:00,,
1,"Corpse Cur","Corpse Cur","Scars of Mirrodin",SOM,147,English,Normal,Common,36502,394977,0.23,2024-04-17T22:16:38.158-08:00,true,"",false,"",expansion,,{4},Artifact Creature — Phyrexian Dog,"Infect (This creature deals damage to creatures in the form of -1/-1 counters and to players in the form of poison counters.); When Corpse Cur enters, you may return target creature card with infect from your graveyard to your hand.",,8F59E4D9-67BA-4DC6-AE3E-183E63673318,normal,0,38081,"194337",242816,9C6E19A1-B9EA-4724-96D6-63C4B4967257,,,2,2,4,,8062,"Infect",6230,,false,false,som,https://scryfall.com/card/som/147/corpse-cur?utm_source=api,not_legal,not_legal,not_legal,not_legal,not_legal,not_legal,not_legal,legal,legal,legal,legal,legal,legal,legal,not_legal,not_legal,not_legal,legal,legal,not_legal,not_legal,legal,2024-11-06T09:24:50.836-09:00,,
1,"Dark Ritual","Dark Ritual","Fourth Edition",4ED,129,English,Normal,Common,1712,15843,1.17,2024-02-06T00:30:01.000-09:00,true,"",false,"",core,,{B},Instant,"Add {B}{B}{B}.",B,53F7C868-B03E-4FC2-8DCF-A75BBFA3272B,normal,0,0,"2096",5847,3477F601-5374-4316-A74E-B5E198AF482B,,,,,1,B,48,"",28,B,true,false,4ed,https://scryfall.com/card/4ed/129/dark-ritual?utm_source=api,not_legal,not_legal,banned,legal,legal,not_legal,not_legal,not_legal,legal,legal,legal,legal,legal,banned,legal,not_legal,not_legal,legal,legal,legal,legal,legal,2024-11-06T09:23:24.980-09:00,,
1,"Dauthi Embrace","Dauthi Embrace","Tempest",TMP,120,English,Normal,Uncommon,5510,19021,4.34,2024-04-17T22:16:38.153-08:00,true,"",false,"",expansion,,{2}{B},Enchantment,"{B}{B}: Target creature gains shadow until end of turn. (It can block or be blocked by only creatures with shadow.)",B,B19A7AE7-3AF5-4AA6-80E1-8888054427DE,normal,0,9985,"4648",8749,7E84BB94-D654-4D69-89D9-0A398A940125,,,,,3,B,8027,"",13705,,false,false,tmp,https://scryfall.com/card/tmp/120/dauthi-embrace?utm_source=api,not_legal,not_legal,not_legal,not_legal,not_legal,not_legal,not_legal,not_legal,legal,not_legal,legal,not_legal,legal,legal,not_legal,not_legal,not_legal,not_legal,legal,not_legal,legal,legal,2024-11-06T09:23:34.780-09:00,,
1,"Decimator Web","Decimator Web","Mirrodin Besieged",MBS,105,English,Normal,Rare,39113,414447,0.49,2024-04-17T22:16:38.158-08:00,true,"",false,"",expansion,,{4},Artifact,"{4}, {T}: Target opponent loses 2 life, gets a poison counter, then mills six cards.",,EEABF42A-B1AC-4579-B82A-AABF9052EC20,normal,0,39525,"214055",245386,FA1FE29F-CF84-45D3-B8FE-E4DE1D2BEBBF,,,,,4,,12348,"Mill",8735,,false,false,mbs,https://scryfall.com/card/mbs/105/decimator-web?utm_source=api,not_legal,not_legal,not_legal,not_legal,not_legal,not_legal,not_legal,legal,legal,not_legal,legal,legal,legal,legal,not_legal,not_legal,not_legal,not_legal,legal,not_legal,not_legal,legal,2024-11-06T09:24:50.826-09:00,,
1,"Deep-Cavern Bat","Deep-Cavern Bat","The Lost Caverns of Ixalan",LCI,102,English,Foil,Uncommon,524168,7498518,2.47,2024-02-06T00:30:01.000-09:00,true,"",false,"",expansion,,{1}{B},Creature — Bat,"Flying, lifelink; When Deep-Cavern Bat enters, look at target opponent's hand. You may exile a nonland card from it until Deep-Cavern Bat leaves the battlefield.",B,E46F6644-6BF1-47B1-817C-906BD3ECA99F,normal,87246,118008,"636806",740865,69C68C95-B788-43B1-9F22-1B22C5A00B25,,,1,1,2,B,10764,"Flying, Lifelink",36,,false,false,lci,https://scryfall.com/card/lci/102/deep-cavern-bat?utm_source=api,legal,legal,legal,legal,legal,legal,legal,legal,legal,not_legal,legal,not_legal,legal,legal,legal,legal,legal,restricted,legal,not_legal,not_legal,not_legal,2024-11-06T09:23:25.040-09:00,,
1,"Demolition Field","Demolition Field","The Brothers' War",BRO,260,English,Normal,Uncommon,452255,6688983,2.64,2024-02-06T00:30:01.000-09:00,true,"",false,"",expansion,,,Land,"{T}: Add {C}.; {2}, {T}, Sacrifice Demolition Field: Destroy target nonbasic land an opponent controls. That land's controller may search their library for a basic land card, put it onto the battlefield, then shuffle. You may search your library for a basic land card, put it onto the battlefield, then shuffle.",,93953926-A644-49BB-9B5A-4C8F19114C7E,normal,82747,105144,"583839",682627,D9C88546-13C9-4D7E-A618-CB2CCD1DBC0F,,,,,0,,505,"",326,C,false,false,bro,https://scryfall.com/card/bro/260/demolition-field?utm_source=api,legal,legal,legal,legal,legal,legal,legal,legal,legal,not_legal,legal,not_legal,legal,legal,legal,legal,not_legal,not_legal,legal,not_legal,not_legal,not_legal,2024-11-06T09:23:24.929-09:00,,
1,"Demonic Tutor","Demonic Tutor","Commander Masters",CMM,150,English,Foil,Mythic,504566,7265326,47.46,2024-02-06T00:30:01.000-09:00,true,"",false,"",masters,,{1}{B},Sorcery,"Search your library for a card, put that card into your hand, then shuffle.",B,82004860-E589-4E38-8D61-8C0210E4EA39,normal,0,115399,"622758",722428,A24B4CB6-CEBB-428B-8654-74347A6A8D63,,,,,2,B,42,"",0,,true,false,cmm,https://scryfall.com/card/cmm/150/demonic-tutor?utm_source=api,not_legal,not_legal,banned,restricted,banned,not_legal,not_legal,not_legal,banned,not_legal,restricted,not_legal,legal,legal,banned,not_legal,not_legal,not_legal,legal,not_legal,not_legal,legal,2024-11-06T09:23:25.035-09:00,,
1,"Diabolic Revelation","Diabolic Revelation","Magic 2013 (M13)",M13,87,English,Normal,Rare,59815,937199,1.43,2024-04-17T22:16:38.158-08:00,true,"",false,"",core,,{X}{3}{B}{B},Sorcery,"Search your library for up to X cards, put those cards into your hand, then shuffle.",B,DCF438A7-ADC4-4658-B75A-2DD633F595A7,normal,0,45574,"278196",256663,145D6D7B-1E87-47B7-BAF3-D201458AD996,,,,,5,B,8298,"",7101,,false,false,m13,https://scryfall.com/card/m13/87/diabolic-revelation?utm_source=api,not_legal,not_legal,not_legal,not_legal,not_legal,not_legal,not_legal,legal,legal,not_legal,legal,legal,legal,legal,not_legal,not_legal,not_legal,not_legal,legal,not_legal,not_legal,not_legal,2024-11-06T09:24:50.821-09:00,,
1,"Dimir House Guard","Dimir House Guard","",RVR,324,,Normal,Common,,,,,false,"",false,"boosterfun",masters,,{3}{B},Creature — Skeleton,"Fear (This creature can't be blocked except by artifact creatures and/or black creatures.); Sacrifice a creature: Regenerate Dimir House Guard.; Transmute {1}{B}{B} ({1}{B}{B}, Discard this card: Search your library for a card with the same mana value as this card, reveal it, put it into your hand, then shuffle. Transmute only as a sorcery.)",B,35C027CD-F754-4E41-9242-8A9D0481171C,normal,,120225,"645421",,231D6840-5228-4DF1-8583-EFDA6E0B8185,,,2,3,4,B,4270,"Fear, Transmute",4784,,true,false,rvr,https://scryfall.com/card/rvr/324/dimir-house-guard?utm_source=api,not_legal,not_legal,not_legal,not_legal,not_legal,not_legal,not_legal,legal,legal,legal,legal,legal,legal,legal,not_legal,not_legal,not_legal,legal,legal,not_legal,not_legal,legal,2024-11-06T09:26:08.040-09:00,,
1,"Drivnod, Carnage Dominus (Showcase)","Drivnod, Carnage Dominus","Phyrexia: All Will Be One",ONE,305,English,Normal,Mythic,479344,6955634,4.85,2024-02-06T00:30:01.000-09:00,false,"showcase, legendary, inverted",false,"boosterfun",expansion,,{3}{B}{B},Legendary Creature — Phyrexian Horror,"If a creature dying causes a triggered ability of a permanent you control to trigger, that ability triggers an additional time.; {B/P}{B/P}, Exile three creature cards from your graveyard: Put an indestructible counter on Drivnod, Carnage Dominus. ({B/P} can be paid with either {B} or 2 life.)",B,51780F71-BF60-4208-94EA-76FA84790FB6,normal,0,106127,"605109",694798,7676CF76-027D-423B-A84C-19179CEE9D08,,,8,3,5,B,1141,"",0,,false,false,one,https://scryfall.com/card/one/305/drivnod-carnage-dominus?utm_source=api,legal,legal,legal,legal,legal,legal,legal,legal,legal,not_legal,legal,not_legal,legal,legal,legal,legal,not_legal,not_legal,legal,not_legal,not_legal,not_legal,2024-11-06T09:23:24.943-09:00,,
1,"Dross Skullbomb","Dross Skullbomb","Phyrexia: All Will Be One",ONE,225,English,Foil,Common,478977,6948833,0.1,2024-02-06T00:30:01.000-09:00,true,"",false,"",expansion,,{1},Artifact,"{1}, Sacrifice Dross Skullbomb: Draw a card.; {2}{B}, Sacrifice Dross Skullbomb: Return target creature card from your graveyard to your hand. Draw a card. Activate only as a sorcery.",,0C43E9B4-013A-47EE-9805-F41AFB0A3BDE,normal,83925,106665,"602755",693879,66270DD2-9139-4329-9621-852962836688,,,,,1,B,9149,"",5281,,false,false,one,https://scryfall.com/card/one/225/dross-skullbomb?utm_source=api,legal,legal,legal,legal,legal,legal,legal,legal,legal,legal,legal,not_legal,legal,legal,legal,legal,not_legal,legal,legal,not_legal,not_legal,not_legal,2024-11-06T09:23:25.008-09:00,,
1,"Drown in Ichor","Drown in Ichor","Phyrexia: All Will Be One",ONE,91,English,Foil,Uncommon,479182,6953299,0.8,2024-02-06T00:30:01.000-09:00,true,"",false,"",expansion,,{1}{B},Sorcery,"Target creature gets -4/-4 until end of turn. Proliferate. (Choose any number of permanents and/or players, then give each another counter of each kind already there.)",B,E4912BC3-BEE9-4A2F-A13E-3A99018F8A65,normal,83791,106397,"602621",694173,BF148EF4-0ED7-4FBE-8AB6-01DD3981C8D3,,,,,2,B,1630,"Proliferate",3123,,false,false,one,https://scryfall.com/card/one/91/drown-in-ichor?utm_source=api,legal,legal,legal,legal,legal,legal,legal,legal,legal,not_legal,legal,not_legal,legal,legal,legal,legal,not_legal,not_legal,legal,not_legal,not_legal,not_legal,2024-11-06T09:23:25.031-09:00,,
1,"Feign Death","Feign Death","Adventures in the Forgotten Realms",AFR,103,English,Normal,Common,243205,5059629,0.58,2024-02-06T00:30:01.000-09:00,true,"",false,"",expansion,,{B},Instant,"Until end of turn, target creature gains ""When this creature dies, return it to the battlefield tapped under its owner's control with a +1/+1 counter on it.""",B,F718E507-296B-4F22-842B-5FB91322069B,normal,77208,91708,"527390",571201,32AF7061-FCA6-4A06-BE3C-01881E6B96F7,,,,,1,B,1535,"",8476,,false,false,afr,https://scryfall.com/card/afr/103/feign-death?utm_source=api,not_legal,not_legal,legal,legal,legal,legal,legal,legal,legal,legal,legal,not_legal,legal,legal,legal,not_legal,not_legal,legal,legal,not_legal,not_legal,not_legal,2024-11-06T09:23:24.951-09:00,,
1,"Gilded Lotus","Gilded Lotus","",BRR,17,,Normal,Rare,,,,,false,"",false,"",masterpiece,,{5},Artifact,"{T}: Add three mana of any one color.",,9A02A9A7-39D9-4763-85D3-747A0540B60B,normal,82816,104452,"586567",682897,608A4869-A5EE-41AD-A08E-74A9A85C7906,,,,,5,,330,"",2292,BGRUW,true,false,brr,https://scryfall.com/card/brr/17/gilded-lotus?utm_source=api,not_legal,not_legal,legal,legal,legal,legal,legal,legal,legal,not_legal,legal,legal,legal,legal,legal,not_legal,not_legal,not_legal,legal,not_legal,not_legal,legal,2024-11-06T09:26:08.048-09:00,,
1,"Gix's Command","Gix's Command","The Brothers' War",BRO,97,English,Foil,Rare,451889,6672392,1.14,2024-02-06T00:30:01.000-09:00,true,"",false,"",expansion,,{3}{B}{B},Sorcery,"Choose two —; • Put two +1/+1 counters on up to one creature. It gains lifelink until end of turn.; • Destroy each creature with power 2 or less.; • Return up to two creature cards from your graveyard to your hand.; • Each opponent sacrifices a creature with the highest power among creatures they control.",B,9270EB03-4600-40CC-83A5-EA987D5D4978,normal,82581,104812,"583682",682553,9606DE75-C25F-411B-A271-258AC5A60987,,,,,5,B,4855,"",0,,false,false,bro,https://scryfall.com/card/bro/97/gixs-command?utm_source=api,legal,legal,legal,legal,legal,legal,legal,legal,legal,not_legal,legal,not_legal,legal,legal,legal,legal,not_legal,not_legal,legal,not_legal,not_legal,not_legal,2024-11-06T09:23:25.015-09:00,,
1,"Go for the Throat","Go for the Throat","The Brothers' War",BRO,102,English,Foil,Uncommon,451938,6675702,2.07,2024-02-06T00:30:01.000-09:00,true,"",false,"",expansion,,{1}{B},Instant,"Destroy target nonartifact creature.",B,2F092562-9E17-43CD-AEB8-D0567F99363E,normal,82586,104822,"583687",682008,94117B09-D852-4F2E-BE8E-68EE0EE3C3D8,,,,,2,B,314,"",278,,true,false,bro,https://scryfall.com/card/bro/102/go-for-the-throat?utm_source=api,legal,legal,legal,legal,legal,legal,legal,legal,legal,legal,legal,not_legal,legal,legal,legal,legal,not_legal,legal,legal,not_legal,not_legal,legal,2024-11-06T09:23:25.039-09:00,,
1,"Gulping Scraptrap","Gulping Scraptrap","Phyrexia: All Will Be One",ONE,96,English,Foil,Common,479622,6965724,0.09,2024-02-06T00:30:01.000-09:00,true,"",false,"",expansion,,{4}{B},Creature — Phyrexian Horror,"When Gulping Scraptrap enters or dies, proliferate. (Choose any number of permanents and/or players, then give each another counter of each kind already there.)",B,D9E48750-D930-4095-ABF0-DEC2AC53BE81,normal,83796,106407,"602626",694736,28F48394-C6AA-4453-954A-68195D9BD6EA,,,4,4,5,B,8079,"Proliferate",0,,false,false,one,https://scryfall.com/card/one/96/gulping-scraptrap?utm_source=api,legal,legal,legal,legal,legal,legal,legal,legal,legal,legal,legal,not_legal,legal,legal,legal,legal,not_legal,legal,legal,not_legal,not_legal,not_legal,2024-11-06T09:23:25.030-09:00,,
1,"Hand of the Praetors","Hand of the Praetors","Scars of Mirrodin",SOM,66,English,Normal,Rare,36387,394623,3.76,2024-04-17T22:16:38.158-08:00,true,"",false,"",expansion,,{3}{B},Creature — Phyrexian Zombie,"Infect (This creature deals damage to creatures in the form of -1/-1 counters and to players in the form of poison counters.); Other creatures you control with infect get +1/+1.; Whenever you cast a creature spell with infect, target player gets a poison counter.",B,F595C7F6-783F-4825-9C1A-E7F8EDD380FD,normal,0,38427,"215086",242652,94CA493E-F09B-4B11-BB47-0562DFC203CA,,,3,2,4,B,6275,"Infect",5983,,false,false,som,https://scryfall.com/card/som/66/hand-of-the-praetors?utm_source=api,not_legal,not_legal,not_legal,not_legal,not_legal,not_legal,not_legal,legal,legal,not_legal,legal,legal,legal,legal,not_legal,not_legal,not_legal,not_legal,legal,not_legal,not_legal,legal,2024-11-06T09:24:50.831-09:00,,
1,"Hidden Necropolis","Hidden Necropolis","The Lost Caverns of Ixalan",LCI,275,English,Normal,Land,524173,7498913,0.06,2024-02-06T00:30:01.000-09:00,true,"",false,"",expansion,,,Land — Cave,"Hidden Necropolis enters tapped.; {T}: Add {B}.; {4}{B}, {T}, Sacrifice Hidden Necropolis: Discover 4. Activate only as a sorcery. (Exile cards from the top of your library until you exile a nonland card with mana value 4 or less. Cast it without paying its mana cost or put it into your hand. Put the rest on the bottom in a random order.)",,F780EE53-62B0-4C32-B5B7-047651F48E5F,normal,87441,118398,"637000",740887,F67FD04F-05DA-4418-97DE-ABEB7346CC69,,,,,0,B,5177,"Discover",1366,B,false,false,lci,https://scryfall.com/card/lci/275/hidden-necropolis?utm_source=api,legal,legal,legal,legal,legal,legal,legal,legal,legal,legal,legal,legal,legal,legal,legal,legal,legal,legal,legal,not_legal,not_legal,not_legal,2024-11-06T09:23:24.988-09:00,,
1,"Howl from Beyond","Howl from Beyond","Dominaria Remastered",DMR,88,English,Foil,Common,457403,6802946,0.03,2024-04-17T22:16:38.158-08:00,true,"",false,"",masters,,{X}{B},Instant,"Target creature gets +X/+0 until end of turn.",B,403CF6AE-48A9-4EA9-894E-7135CFCA4E1B,normal,0,107665,"598962",688702,90EF6B1C-2A86-415F-A5E3-C4B4F73A4DE0,,,,,1,B,12124,"",13960,,true,false,dmr,https://scryfall.com/card/dmr/88/howl-from-beyond?utm_source=api,not_legal,not_legal,not_legal,not_legal,not_legal,not_legal,not_legal,not_legal,legal,legal,legal,not_legal,legal,legal,not_legal,not_legal,not_legal,legal,legal,not_legal,legal,legal,2024-11-06T09:25:05.278-09:00,,
1,"Ichor Rats","Ichor Rats","Commander: Phyrexia: All Will Be One",ONC,93,English,Normal,Uncommon,478595,6940139,1.19,2024-04-17T22:16:38.158-08:00,false,"",false,"",commander,,{1}{B}{B},Creature — Phyrexian Rat,"Infect (This creature deals damage to creatures in the form of -1/-1 counters and to players in the form of poison counters.); When Ichor Rats enters, each player gets a poison counter.",B,F8148664-49C0-421F-93A5-CD59E4E9EA36,normal,0,106977,"605833",693271,387E4BE7-7E3D-4623-AFE6-229F8A9BACD4,,,2,1,3,B,1862,"Infect",5010,,true,false,onc,https://scryfall.com/card/onc/93/ichor-rats?utm_source=api,not_legal,not_legal,not_legal,not_legal,not_legal,not_legal,not_legal,legal,legal,not_legal,legal,not_legal,legal,legal,not_legal,not_legal,not_legal,restricted,legal,not_legal,not_legal,legal,2024-11-06T09:24:50.842-09:00,,
1,"Infectious Inquiry","Infectious Inquiry","Phyrexia: All Will Be One",ONE,97,English,Foil,Common,479616,6965244,1.8,2024-02-06T00:30:01.000-09:00,true,"",false,"",expansion,,{2}{B},Sorcery,"You draw two cards and you lose 2 life. Each opponent gets a poison counter.",B,66051196-53EA-4461-B241-205DF9395B3B,normal,83797,106409,"602627",694737,0A10F284-B043-4307-BDC7-6DAD47CC9221,,,,,3,B,1561,"",3916,,false,false,one,https://scryfall.com/card/one/97/infectious-inquiry?utm_source=api,legal,legal,legal,legal,legal,legal,legal,legal,legal,legal,legal,not_legal,legal,legal,legal,legal,not_legal,legal,legal,not_legal,not_legal,not_legal,2024-11-06T09:23:25.022-09:00,,
1,"Inkmoth Nexus","Inkmoth Nexus","Mirrodin Besieged",MBS,145,English,Normal,Rare,39095,414272,18.61,2024-04-17T22:16:38.158-08:00,true,"",false,"",expansion,,,Land,"{T}: Add {C}.; {1}: Inkmoth Nexus becomes a 1/1 Phyrexian Blinkmoth artifact creature with flying and infect until end of turn. It's still a land. (It deals damage to creatures in the form of -1/-1 counters and to players in the form of poison counters.)",,675281FF-B81F-4E5E-9F85-9F8CD202B50B,normal,0,39329,"213731",245368,EC50C1C3-885E-47D3-ADA7-CC0EDBF09DF1,,,,,0,,2039,"",0,C,false,false,mbs,https://scryfall.com/card/mbs/145/inkmoth-nexus?utm_source=api,not_legal,not_legal,not_legal,not_legal,not_legal,not_legal,not_legal,legal,legal,not_legal,legal,not_legal,legal,legal,not_legal,not_legal,not_legal,not_legal,legal,not_legal,not_legal,legal,2024-11-06T09:24:50.827-09:00,,
1,"Karumonix, the Rat King (Showcase) (Step-and-Compleat Foil)","Karumonix, the Rat King","Phyrexia: All Will Be One",ONE,439,English,Foil,Rare,478551,6938594,2.96,2024-02-06T00:30:01.000-09:00,false,"legendary, inverted, showcase",false,"stepandcompleat, boosterfun",expansion,,{1}{B}{B},Legendary Creature — Phyrexian Rat,"Toxic 1 (Players dealt combat damage by this creature also get a poison counter.); Other Rats you control have toxic 1.; When Karumonix enters, look at the top five cards of your library. You may reveal any number of Rat cards from among them and put the revealed cards into your hand. Put the rest on the bottom of your library in a random order.",B,C017F54C-E4C0-411E-B8C1-EB20B1B86C56,normal,0,0,"",692441,02B3202B-FDFB-422B-8ABD-5A319CB34341,,,3,3,3,B,3335,"Toxic",2995,,false,false,one,https://scryfall.com/card/one/439/karumonix-the-rat-king?utm_source=api,legal,legal,legal,legal,legal,legal,legal,legal,legal,not_legal,legal,legal,legal,legal,legal,legal,not_legal,not_legal,legal,not_legal,not_legal,not_legal,2024-11-06T09:23:25.021-09:00,,
1,"Kinzu of the Bleak Coven (Extended Art)","Kinzu of the Bleak Coven","Phyrexia: All Will Be One",ONE,411,English,Normal,Rare,478545,6938439,0.31,2024-02-06T00:30:01.000-09:00,false,"legendary, extendedart",false,"boosterfun",expansion,,{4}{B},Legendary Creature — Phyrexian Vampire,"Flying; Whenever another nontoken creature you control dies, you may pay 2 life and exile it. If you do, create a token that's a copy of that creature, except it's 1/1 and has toxic 1. (Players dealt combat damage by it also get a poison counter.)",B,E4F4C41B-2533-497F-96BB-7083EF597268,normal,0,106067,"604894",692709,A0359C24-6A70-476F-B26B-CD992D9ACECF,,,5,4,5,B,9386,"Flying",0,,false,false,one,https://scryfall.com/card/one/411/kinzu-of-the-bleak-coven?utm_source=api,legal,legal,legal,legal,legal,legal,legal,legal,legal,not_legal,legal,not_legal,legal,legal,legal,legal,not_legal,not_legal,legal,not_legal,not_legal,not_legal,2024-11-06T09:23:24.956-09:00,,
1,"Larceny","Larceny","Mercadian Masques",MMQ,143,English,Normal,Uncommon,6590,20080,0.27,2024-02-06T00:30:01.000-09:00,true,"",false,"",expansion,,{3}{B}{B},Enchantment,"Whenever a creature you control deals combat damage to a player, that player discards a card.",B,F356087E-E1D2-4C25-AA1D-215D09535E7C,normal,0,13179,"19825",11516,3A863DA2-0639-4EED-8DA9-2E9A38C04A23,,,,,5,B,12868,"",15489,,false,false,mmq,https://scryfall.com/card/mmq/143/larceny?utm_source=api,not_legal,not_legal,not_legal,not_legal,not_legal,not_legal,not_legal,legal,legal,not_legal,legal,legal,legal,legal,not_legal,not_legal,not_legal,not_legal,legal,not_legal,legal,legal,2024-11-06T09:23:24.981-09:00,,
1,"Leyline of the Void","Leyline of the Void","Wilds of Eldraine: Enchanting Tales",WOT,30,English,Normal,Rare,512607,7368182,2.11,2024-02-06T00:30:01.000-09:00,false,"showcase",false,"boosterfun",masterpiece,,{2}{B}{B},Enchantment,"If Leyline of the Void is in your opening hand, you may begin the game with it on the battlefield.; If a card would be put into an opponent's graveyard from anywhere, exile it instead.",B,F4E32FC1-1B8D-441E-8E76-71F19F98E925,normal,87068,115884,"632458",728491,034BFD23-8F10-4D98-9500-47D392531C69,,,,,4,B,3541,"",0,,true,false,wot,https://scryfall.com/card/wot/30/leyline-of-the-void?utm_source=api,not_legal,legal,legal,legal,legal,legal,legal,legal,legal,not_legal,legal,not_legal,legal,legal,legal,not_legal,not_legal,not_legal,legal,not_legal,not_legal,legal,2024-11-06T09:23:24.979-09:00,,
1,"Magnifying Glass","Magnifying Glass","Murders at Karlov Manor",MKM,255,English,Normal,Common,529997,7592657,0.02,2024-04-17T22:16:38.153-08:00,true,"",false,"",expansion,,{3},Artifact,"{T}: Add {C}.; {4}, {T}: Investigate. (Create a Clue token. It's an artifact with ""{2}, Sacrifice this artifact: Draw a card."")",,F2CE9E55-07C0-4F36-A59E-127693FC0F62,normal,89177,122002,"646809",750681,C606A71F-8FB0-486B-955F-727EBF436946,,,,,3,,7676,"Investigate",6596,C,true,false,mkm,https://scryfall.com/card/mkm/255/magnifying-glass?utm_source=api,legal,legal,legal,legal,legal,legal,legal,legal,legal,legal,legal,legal,legal,legal,legal,legal,legal,legal,legal,not_legal,not_legal,not_legal,2024-11-06T09:23:34.778-09:00,,
1,"Mirrex (Extended Art)","Mirrex","Phyrexia: All Will Be One",ONE,400,English,Foil,Rare,479503,6959003,8.3,2024-02-06T00:30:01.000-09:00,false,"extendedart",false,"boosterfun",expansion,,,Land — Sphere,"{T}: Add {C}.; {T}: Add one mana of any color. Activate only if Mirrex entered this turn.; {3}, {T}: Create a 1/1 colorless Phyrexian Mite artifact creature token with toxic 1 and ""This creature can't block."" (Players dealt combat damage by it also get a poison counter.)",,5502741A-E3B9-454E-8121-4360A6DB6750,normal,0,106035,"604772",694813,2B7A760F-C9FB-454C-BEDD-46A675DAF02E,,,,,0,,1798,"",0,BCGRUW,false,false,one,https://scryfall.com/card/one/400/mirrex?utm_source=api,legal,legal,legal,legal,legal,legal,legal,legal,legal,not_legal,legal,not_legal,legal,legal,legal,legal,not_legal,not_legal,legal,not_legal,not_legal,not_legal,2024-11-06T09:23:25.010-09:00,,
1,"Necrogen Communion","Necrogen Communion","Phyrexia: All Will Be One",ONE,99,English,Foil,Uncommon,478929,6946675,0.64,2024-02-06T00:30:01.000-09:00,true,"",false,"",expansion,,{1}{B},Enchantment — Aura,"Enchant creature you control; Enchanted creature has toxic 2. (Players dealt combat damage by it also get two poison counters.); When enchanted creature dies, return that card to the battlefield under your control.",B,FF58459A-0015-4012-86C0-580DA4E02676,normal,83799,106413,"602629",693893,6AC8CD7C-992F-4953-B5BF-42E5A9FF09AD,,,,,2,B,3703,"Enchant",8384,,false,false,one,https://scryfall.com/card/one/99/necrogen-communion?utm_source=api,legal,legal,legal,legal,legal,legal,legal,legal,legal,not_legal,legal,not_legal,legal,legal,legal,legal,not_legal,not_legal,legal,not_legal,not_legal,not_legal,2024-11-06T09:23:25.024-09:00,,
1,"Necropede","Necropede","Scars of Mirrodin",SOM,185,English,Normal,Uncommon,36420,394726,0.38,2024-04-17T22:16:38.158-08:00,true,"",false,"",expansion,,{2},Artifact Creature — Phyrexian Insect,"Infect (This creature deals damage to creatures in the form of -1/-1 counters and to players in the form of poison counters.); When Necropede dies, you may put a -1/-1 counter on target creature.",,E5021798-1F3D-42ED-BE88-E76349EF46C6,normal,0,37967,"194052",242699,8D2E522B-E6F8-4FAE-8C08-CE2BB8BED04F,,,1,1,2,,6484,"Infect",2990,,false,false,som,https://scryfall.com/card/som/185/necropede?utm_source=api,not_legal,not_legal,not_legal,not_legal,not_legal,not_legal,not_legal,legal,legal,not_legal,legal,not_legal,legal,legal,not_legal,not_legal,not_legal,restricted,legal,not_legal,not_legal,legal,2024-11-06T09:24:50.832-09:00,,
1,"Nimraiser Paladin","Nimraiser Paladin","Phyrexia: All Will Be One",ONE,101,English,Normal,Uncommon,478410,6933663,0.03,2024-02-06T00:30:01.000-09:00,true,"",false,"",expansion,,{4}{B},Creature — Phyrexian Knight,"Toxic 2 (Players dealt combat damage by this creature also get two poison counters.); When Nimraiser Paladin enters, return target creature card with mana value 3 or less from your graveyard to your hand.",B,C9DAFF24-1AF8-4133-BFF1-E0E4D1042DB4,normal,83801,106417,"602631",692864,A99FE9A8-D9E7-4286-81A1-ADFB753E4741,,,4,4,5,B,12039,"Toxic",11944,,false,false,one,https://scryfall.com/card/one/101/nimraiser-paladin?utm_source=api,legal,legal,legal,legal,legal,legal,legal,legal,legal,not_legal,legal,not_legal,legal,legal,legal,legal,not_legal,restricted,legal,not_legal,not_legal,not_legal,2024-11-06T09:23:24.959-09:00,,
1,"No Mercy (Retro Frame)","No Mercy","Dominaria Remastered",DMR,308,English,Foil,Mythic,457117,6789720,5.83,2024-02-06T00:30:01.000-09:00,true,"",false,"",masters,,{2}{B}{B},Enchantment,"Whenever a creature deals damage to you, destroy it.",B,B9538D53-480B-481A-ABBF-83AB17E1A45B,normal,0,107301,"601377",0,C2598DA4-0764-440A-9E9D-0161E68667FB,,,,,4,B,1718,"",0,,true,false,dmr,https://scryfall.com/card/dmr/308/no-mercy?utm_source=api,not_legal,not_legal,not_legal,not_legal,not_legal,not_legal,not_legal,not_legal,legal,not_legal,legal,not_legal,legal,legal,not_legal,not_legal,not_legal,not_legal,legal,not_legal,legal,legal,2024-11-06T09:23:25.041-09:00,,
1,"Nyx Lotus (Extended Art)","Nyx Lotus","Theros Beyond Death",THB,344,English,Normal,Rare,206749,4294672,7.7,2024-04-17T22:16:38.153-08:00,false,"legendary, extendedart",false,"boosterfun",expansion,,{4},Legendary Artifact,"Nyx Lotus enters tapped.; {T}: Choose a color. Add an amount of mana of that color equal to your devotion to that color. (Your devotion to a color is the number of mana symbols of that color in the mana costs of permanents you control.)",,CFB8CDDE-11F6-441A-942B-32D8C191FC90,normal,0,0,"",430449,F3E73185-AFDF-4FAE-82C3-B5EA355C1572,,,,,4,,1000,"",6720,BGRUW,false,false,thb,https://scryfall.com/card/thb/344/nyx-lotus?utm_source=api,not_legal,not_legal,legal,legal,legal,legal,legal,legal,legal,not_legal,legal,legal,legal,legal,legal,not_legal,not_legal,not_legal,legal,not_legal,not_legal,not_legal,2024-11-06T09:23:34.775-09:00,,
1,"Oppression","Oppression","Wilds of Eldraine: Enchanting Tales",WOT,32,English,Normal,Rare,512546,7365964,0.49,2024-02-06T00:30:01.000-09:00,false,"showcase",false,"boosterfun",masterpiece,,{1}{B}{B},Enchantment,"Whenever a player casts a spell, that player discards a card.",B,F488F679-F5D5-4E61-B0C8-0B0EB622DF0D,normal,87070,115888,"632460",728392,2E8FFC89-6436-4E4D-AA43-8F704B658B96,,,,,3,B,3610,"",5522,,true,false,wot,https://scryfall.com/card/wot/32/oppression?utm_source=api,not_legal,not_legal,legal,legal,legal,not_legal,not_legal,not_legal,legal,not_legal,legal,legal,legal,legal,legal,not_legal,not_legal,not_legal,legal,not_legal,legal,legal,2024-11-06T09:23:24.977-09:00,,
1,"Peat Bog","Peat Bog","Mercadian Masques",MMQ,322,English,Normal,Common,6631,20118,1.57,2024-02-06T00:30:01.000-09:00,true,"",false,"",expansion,,,Land,"Peat Bog enters tapped with two depletion counters on it.; {T}, Remove a depletion counter from Peat Bog: Add {B}{B}. If there are no depletion counters on Peat Bog, sacrifice it.",,A176924C-78FC-4151-B2B5-1547B1114A40,normal,0,13397,"19644",11695,BCC9D1E0-C8F4-4BAC-90D4-8167F7A1515A,,,,,0,B,7258,"",0,B,false,false,mmq,https://scryfall.com/card/mmq/322/peat-bog?utm_source=api,not_legal,not_legal,not_legal,not_legal,not_legal,not_legal,not_legal,not_legal,legal,legal,legal,not_legal,legal,legal,not_legal,not_legal,not_legal,legal,legal,not_legal,legal,legal,2024-11-06T09:23:24.921-09:00,,
1,"Persuasive Interrogators","Persuasive Interrogators","Murders at Karlov Manor",MKM,98,English,Normal,Uncommon,533400,7679248,0.09,2024-04-17T22:16:38.153-08:00,true,"",false,"",expansion,,{4}{B}{B},Creature — Gorgon Detective,"When Persuasive Interrogators enters, investigate. (Create a Clue token. It's an artifact with ""{2}, Sacrifice this artifact: Draw a card.""); Whenever you sacrifice a Clue, target opponent gets two poison counters. (A player with ten or more poison counters loses the game.)",B,B401179F-EDED-4973-8182-DF4627133886,normal,89013,121674,"646656",751313,F0713025-581F-451B-97A3-97D891285DCC,,,5,6,6,B,12214,"Investigate",0,,false,false,mkm,https://scryfall.com/card/mkm/98/persuasive-interrogators?utm_source=api,legal,legal,legal,legal,legal,legal,legal,legal,legal,not_legal,legal,legal,legal,legal,legal,legal,legal,restricted,legal,not_legal,not_legal,not_legal,2024-11-06T09:23:34.777-09:00,,
1,"Pestilent Syphoner","Pestilent Syphoner","Phyrexia: All Will Be One",ONE,103,English,Normal,Common,479610,6964759,0.04,2024-02-06T00:30:01.000-09:00,true,"",false,"",expansion,,{1}{B},Creature — Phyrexian Insect,"Flying; Toxic 1 (Players dealt combat damage by this creature also get a poison counter.)",B,1B27303B-756E-45B9-956F-6BBBD83D31AB,normal,83803,106421,"602633",694309,947A1E44-3485-4E24-A34D-6C318584743C,,,1,1,2,B,4201,"Flying, Toxic",8389,,false,false,one,https://scryfall.com/card/one/103/pestilent-syphoner?utm_source=api,legal,legal,legal,legal,legal,legal,legal,legal,legal,legal,legal,not_legal,legal,legal,legal,legal,not_legal,legal,legal,not_legal,not_legal,not_legal,2024-11-06T09:23:24.994-09:00,,
1,"Phyresis","Phyresis","Mirrodin Besieged",MBS,49,English,Normal,Common,39062,413952,0.47,2024-02-06T00:30:01.000-09:00,true,"",false,"",expansion,,{1}{B},Enchantment — Aura,"Enchant creature; Enchanted creature has infect. (It deals damage to creatures in the form of -1/-1 counters and to players in the form of poison counters.)",B,958628AF-243C-4EB0-8620-5D483B6DA768,normal,0,39443,"213797",245335,0059D21B-0725-4806-8691-2451DB36787F,,,,,2,B,2152,"Enchant",8254,,false,false,mbs,https://scryfall.com/card/mbs/49/phyresis?utm_source=api,not_legal,not_legal,not_legal,not_legal,not_legal,not_legal,not_legal,legal,legal,legal,legal,not_legal,legal,legal,not_legal,not_legal,not_legal,legal,legal,not_legal,not_legal,legal,2024-11-06T09:23:24.957-09:00,,
1,"Phyresis Outbreak","Phyresis Outbreak","Commander: Phyrexia: All Will Be One",ONC,12,English,Normal,Rare,478549,6938554,3.03,2024-04-17T22:16:38.158-08:00,false,"",false,"",commander,,{2}{B},Sorcery,"Each opponent gets a poison counter. Then each creature your opponents control gets -1/-1 until end of turn for each poison counter its controller has.",B,47148B5D-3850-4614-822E-6EF2755996F8,normal,0,106887,"605694",693336,812498C8-974C-460C-B782-506F5F735346,,,,,3,B,2208,"",0,,false,false,onc,https://scryfall.com/card/onc/12/phyresis-outbreak?utm_source=api,not_legal,not_legal,not_legal,not_legal,not_legal,not_legal,not_legal,not_legal,legal,not_legal,legal,not_legal,legal,legal,not_legal,not_legal,not_legal,not_legal,legal,not_legal,not_legal,not_legal,2024-11-06T09:24:50.843-09:00,,
1,"Phyrexian Digester","Phyrexian Digester","Mirrodin Besieged",MBS,120,English,Normal,Common,39133,414500,0.12,2024-04-17T22:16:38.158-08:00,true,"",false,"",expansion,,{3},Artifact Creature — Phyrexian Construct,"Infect (This creature deals damage to creatures in the form of -1/-1 counters and to players in the form of poison counters.)",,9E7B03AE-DCF5-4892-9000-AEE7E2CD2FED,normal,0,39349,"213743",245441,F9112062-1A1B-462B-85D3-821EA91778B8,,,2,1,3,,11683,"Infect",8255,,false,false,mbs,https://scryfall.com/card/mbs/120/phyrexian-digester?utm_source=api,not_legal,not_legal,not_legal,not_legal,not_legal,not_legal,not_legal,legal,legal,legal,legal,legal,legal,legal,not_legal,not_legal,not_legal,legal,legal,not_legal,not_legal,legal,2024-11-06T09:24:50.841-09:00,,
1,"Phyrexian Tower","Phyrexian Tower","",MH3,355,,Normal,Mythic,,,,,false,"legendary",false,"",draft_innovation,,,Legendary Land,"{T}: Add {C}.; {T}, Sacrifice a creature: Add {B}{B}.",,1861E642-21D5-4232-89F3-B5557F2946C1,normal,,125767,"661394",,52F22229-95D4-4A84-A581-E23816DB2494,,,,,0,B,251,"",,BC,true,false,mh3,https://scryfall.com/card/mh3/355/phyrexian-tower?utm_source=api,not_legal,not_legal,legal,legal,legal,not_legal,not_legal,legal,legal,not_legal,legal,not_legal,legal,legal,legal,not_legal,not_legal,not_legal,legal,not_legal,legal,legal,2024-11-06T09:26:08.041-09:00,,
1,"Plague Myr","Plague Myr","Commander: Phyrexia: All Will Be One",ONC,139,English,Normal,Uncommon,478601,6940319,0.92,2024-04-17T22:16:38.158-08:00,false,"",false,"",commander,,{2},Artifact Creature — Phyrexian Myr,"Infect (This creature deals damage to creatures in the form of -1/-1 counters and to players in the form of poison counters.); {T}: Add {C}.",,2F328E05-5EDF-4B21-9C2A-50DCF1E7B3EC,normal,0,107069,"605879",693268,E74BE86A-F52E-4537-8F88-BA52618428EE,,,1,1,2,,1352,"Infect",3453,C,true,false,onc,https://scryfall.com/card/onc/139/plague-myr?utm_source=api,not_legal,not_legal,not_legal,not_legal,not_legal,not_legal,not_legal,legal,legal,not_legal,legal,not_legal,legal,legal,not_legal,not_legal,not_legal,restricted,legal,not_legal,not_legal,legal,2024-11-06T09:24:50.845-09:00,,
1,"Plague Stinger","Plague Stinger","Commander: Phyrexia: All Will Be One",ONC,96,English,Normal,Common,478598,6940259,0.25,2024-04-17T22:16:38.158-08:00,false,"",false,"",commander,,{1}{B},Creature — Phyrexian Insect Horror,"Flying; Infect (This creature deals damage to creatures in the form of -1/-1 counters and to players in the form of poison counters.)",B,047E761E-7BBE-403B-86D7-CB9FB0B20B21,normal,0,106983,"605836",693291,325A8B1B-FA0C-4140-B9E3-A93705B06AA0,,,1,1,2,B,2885,"Flying, Infect",2248,,true,false,onc,https://scryfall.com/card/onc/96/plague-stinger?utm_source=api,not_legal,not_legal,not_legal,not_legal,not_legal,not_legal,not_legal,legal,legal,legal,legal,not_legal,legal,legal,not_legal,not_legal,not_legal,legal,legal,not_legal,not_legal,legal,2024-11-06T09:24:50.846-09:00,,
1,"Prosthetic Injector","Prosthetic Injector","Phyrexia: All Will Be One",ONE,239,English,Normal,Uncommon,478737,6944081,0.03,2024-02-06T00:30:01.000-09:00,true,"",false,"",expansion,,{1},Artifact — Equipment,"Equipped creature gets +0/+2 and has toxic 1. (Players dealt combat damage by equipped creature also get a poison counter.); Equip {1}",,8026533D-C0E7-48B7-9E1A-9A370899AA57,normal,83939,106693,"602769",693411,75A1BEEC-BAFE-4243-B91E-040A88FB0E95,,,,,1,,7541,"Equip",0,,false,false,one,https://scryfall.com/card/one/239/prosthetic-injector?utm_source=api,legal,legal,legal,legal,legal,legal,legal,legal,legal,not_legal,legal,not_legal,legal,legal,legal,legal,not_legal,not_legal,legal,not_legal,not_legal,not_legal,2024-11-06T09:23:25.002-09:00,,
1,"Rat Out","Rat Out","Wilds of Eldraine",WOE,103,English,Normal,Common,512382,7360907,0.04,2024-02-06T00:30:01.000-09:00,true,"",false,"",expansion,,{B},Instant,"Up to one target creature gets -1/-1 until end of turn. You create a 1/1 black Rat creature token with ""This creature can't block.""",B,37043E1E-4556-45F7-9484-15DD8ED5272B,normal,86799,116522,"629604",728048,F2C42755-BF91-4C75-95C6-D2A60BA3492A,,,,,1,B,9789,"",5954,,false,false,woe,https://scryfall.com/card/woe/103/rat-out?utm_source=api,legal,legal,legal,legal,legal,legal,legal,legal,legal,legal,legal,not_legal,legal,legal,legal,legal,legal,legal,legal,not_legal,not_legal,not_legal,2024-11-06T09:23:24.971-09:00,,
1,"Relic Putrescence","Relic Putrescence","Scars of Mirrodin",SOM,77,English,Normal,Common,36464,395047,0.11,2024-04-17T22:16:38.158-08:00,true,"",false,"",expansion,,{2}{B},Enchantment — Aura,"Enchant artifact; Whenever enchanted artifact becomes tapped, its controller gets a poison counter.",B,7E6FD429-F925-4FF7-9C6E-34C2C9D15D04,normal,0,38311,"209720",242784,CA940B4E-6F5E-4492-B6E0-DBF619EDDADD,,,,,3,B,14645,"Enchant",0,,false,false,som,https://scryfall.com/card/som/77/relic-putrescence?utm_source=api,not_legal,not_legal,not_legal,not_legal,not_legal,not_legal,not_legal,legal,legal,legal,legal,legal,legal,legal,not_legal,not_legal,not_legal,legal,legal,not_legal,not_legal,legal,2024-11-06T09:24:50.837-09:00,,
1,"Rogue's Passage","Rogue's Passage","Commander 2017",C17,272,English,Normal,Uncommon,140123,3450786,0.49,2024-04-17T22:16:38.156-08:00,false,"",false,"",commander,,,Land,"{T}: Add {C}.; {4}, {T}: Target creature can't be blocked this turn.",,F29DC596-2121-4421-8463-15F6C2E8B9B3,normal,0,0,"433204",300580,766B7834-F54E-4948-80C5-BC37C1D5344E,,,,,0,,21,"",3146,C,true,false,c17,https://scryfall.com/card/c17/272/rogues-passage?utm_source=api,not_legal,not_legal,not_legal,not_legal,not_legal,legal,not_legal,legal,legal,not_legal,legal,not_legal,legal,legal,not_legal,not_legal,not_legal,not_legal,legal,not_legal,not_legal,not_legal,2024-11-06T09:24:23.033-09:00,,
1,"Septic Rats","Septic Rats","Mirrodin Besieged",MBS,55,English,Normal,Uncommon,39043,413844,0.67,2024-04-17T22:16:38.158-08:00,true,"",false,"",expansion,,{1}{B}{B},Creature — Phyrexian Rat,"Infect (This creature deals damage to creatures in the form of -1/-1 counters and to players in the form of poison counters.); Whenever Septic Rats attacks, if defending player is poisoned, it gets +1/+1 until end of turn.",B,C7335845-ACE9-402D-A5BE-3BFE3FE9B089,normal,0,39355,"213748",245289,8E7915D9-B941-4675-9A1B-18E579977144,,,2,2,3,B,6961,"Infect",7744,,false,false,mbs,https://scryfall.com/card/mbs/55/septic-rats?utm_source=api,not_legal,not_legal,not_legal,not_legal,not_legal,not_legal,not_legal,legal,legal,not_legal,legal,not_legal,legal,legal,not_legal,not_legal,not_legal,restricted,legal,not_legal,not_legal,legal,2024-11-06T09:24:50.834-09:00,,
1,"Serpent Generator","Serpent Generator","Legends",LEG,295,English,Normal,Rare,4016,17969,16.99,2024-04-17T22:16:38.158-08:00,true,"",false,"",expansion,,{6},Artifact,"{4}, {T}: Create a 1/1 colorless Snake artifact creature token. It has ""Whenever this creature deals damage to a player, that player gets a poison counter."" (A player with ten or more poison counters loses the game.)",,0E3A11F4-C880-4932-BC7E-7AEA8A9472BC,normal,0,0,"1422",7211,7C350C38-6CBB-4B8B-823F-45D6A16568CC,,,,,6,,18625,"",0,,false,false,leg,https://scryfall.com/card/leg/295/serpent-generator?utm_source=api,not_legal,not_legal,not_legal,not_legal,not_legal,not_legal,not_legal,not_legal,legal,not_legal,legal,legal,legal,legal,not_legal,not_legal,not_legal,not_legal,legal,legal,legal,legal,2024-11-06T09:24:50.833-09:00,,
1,"Sheoldred's Headcleaver","Sheoldred's Headcleaver","Phyrexia: All Will Be One",ONE,109,English,Foil,Common,479600,6963964,0.07,2024-02-06T00:30:01.000-09:00,true,"",false,"",expansion,,{3}{B},Creature — Phyrexian Warrior,"Menace; Toxic 2 (Players dealt combat damage by this creature also get two poison counters.)",B,A7DF9A4E-D556-4345-9884-0724A3F9D5F8,normal,83809,106433,"602639",694740,8C6B818F-6912-4EA1-A35A-C8CD7EE9AEAD,,,2,4,4,B,11825,"Toxic, Menace",0,,false,false,one,https://scryfall.com/card/one/109/sheoldreds-headcleaver?utm_source=api,legal,legal,legal,legal,legal,legal,legal,legal,legal,legal,legal,not_legal,legal,legal,legal,legal,not_legal,legal,legal,not_legal,not_legal,not_legal,2024-11-06T09:23:25.026-09:00,,
1,"Shizo, Death's Storehouse","Shizo, Death's Storehouse","The List Reprints",PLST,CHK-283,English,Foil,Rare,210353,4346924,14.05,2024-04-17T22:16:38.156-08:00,false,"",false,"",masters,,,Legendary Land,"{T}: Add {B}.; {B}, {T}: Target legendary creature gains fear until end of turn. (It can't be blocked except by artifact creatures and/or black creatures.)",,008F2698-1721-45A3-8353-10F2F400DC8F,normal,0,0,"",443463,E0DE48B1-B61F-408E-915A-602309DED8EA,,,,,0,B,572,"",1496,B,true,false,plst,https://scryfall.com/card/plst/CHK-283/shizo-deaths-storehouse?utm_source=api,not_legal,not_legal,not_legal,not_legal,not_legal,not_legal,not_legal,legal,legal,not_legal,legal,legal,legal,legal,not_legal,not_legal,not_legal,not_legal,legal,not_legal,not_legal,legal,2024-11-06T09:24:23.037-09:00,,
1,"Snake Cult Initiation","Snake Cult Initiation","Future Sight",FUT,89,English,Normal,Uncommon,14988,26469,0.36,2024-04-17T22:16:38.158-08:00,true,"",false,"",expansion,,{3}{B},Enchantment — Aura,"Enchant creature; Enchanted creature has poisonous 3. (Whenever it deals combat damage to a player, that player gets three poison counters. A player with ten or more poison counters loses the game.)",B,B6A64B19-E312-4E98-91BD-3BEDCA84EED3,normal,0,26766,"130708",15081,93B47606-82D1-402C-B1C6-591457B10D86,,,,,4,B,15666,"Enchant",16073,,false,false,fut,https://scryfall.com/card/fut/89/snake-cult-initiation?utm_source=api,not_legal,not_legal,not_legal,not_legal,not_legal,not_legal,not_legal,legal,legal,not_legal,legal,legal,legal,legal,not_legal,not_legal,not_legal,not_legal,legal,not_legal,not_legal,legal,2024-11-06T09:24:50.838-09:00,,
1,"Spymaster's Vault","Spymaster's Vault","",MH3,230,,Foil,Rare,,,,,true,"",false,"",draft_innovation,,,Land,"Spymaster's Vault enters tapped unless you control a Swamp.; {T}: Add {B}.; {B}, {T}: Target creature you control connives X, where X is the number of creatures that died this turn. (Draw X cards, then discard X cards. Put a +1/+1 counter on that creature for each nonland card discarded this way.)",,69DDCA4B-5CC0-45F3-B2E6-A047C8D601BE,normal,91081,126479,"662382",771460,3D5FBB30-ABFC-4E79-8CE5-BBB04A241C9F,,,,,0,B,3992,"Connive",1067,B,false,false,mh3,https://scryfall.com/card/mh3/230/spymasters-vault?utm_source=api,not_legal,not_legal,legal,legal,legal,not_legal,not_legal,legal,legal,not_legal,legal,legal,legal,legal,legal,not_legal,not_legal,not_legal,legal,not_legal,not_legal,not_legal,2024-11-06T09:26:08.043-09:00,,
1,"Stalactite Stalker","Stalactite Stalker","The Lost Caverns of Ixalan",LCI,122,English,Normal,Rare,524432,7510429,2.79,2024-02-06T00:30:01.000-09:00,true,"",false,"",expansion,,{B},Creature — Goblin Rogue,"Menace; At the beginning of your end step, if you descended this turn, put a +1/+1 counter on Stalactite Stalker. (You descended if a permanent card was put into your graveyard from anywhere.); {2}{B}, Sacrifice Stalactite Stalker: Target creature gets -X/-X until end of turn, where X is Stalactite Stalker's power.",B,C8C28807-8ABF-4F91-81F3-1D7D9E856C25,normal,87267,118050,"636827",742064,5319C0B1-DE54-492A-BDEA-85A5A75D693E,,,1,1,1,B,11010,"Menace",0,,false,false,lci,https://scryfall.com/card/lci/122/stalactite-stalker?utm_source=api,legal,legal,legal,legal,legal,legal,legal,legal,legal,not_legal,legal,not_legal,legal,legal,legal,legal,legal,not_legal,legal,not_legal,not_legal,not_legal,2024-11-06T09:23:24.934-09:00,,
1,"Subterranean Hangar","Subterranean Hangar","Mercadian Masques",MMQ,329,English,Normal,Uncommon,6722,20206,0.44,2024-02-06T00:30:01.000-09:00,true,"",false,"",expansion,,,Land,"Subterranean Hangar enters tapped.; {T}: Put a storage counter on Subterranean Hangar.; {T}, Remove any number of storage counters from Subterranean Hangar: Add {B} for each storage counter removed this way.",,0BBD5A04-C281-4AFB-98A1-657B4ECA102C,normal,0,13121,"19892",11702,EDC199D1-970B-489F-B713-8285151F16AE,,,,,0,B,16303,"",0,B,false,false,mmq,https://scryfall.com/card/mmq/329/subterranean-hangar?utm_source=api,not_legal,not_legal,not_legal,not_legal,not_legal,not_legal,not_legal,not_legal,legal,not_legal,legal,not_legal,legal,legal,not_legal,not_legal,not_legal,not_legal,legal,not_legal,legal,legal,2024-11-06T09:23:24.922-09:00,,
28,"Swamp","Swamp","Battlebond",BBD,252,English,Normal,Land,167975,3751579,0.52,2024-02-06T00:30:01.000-09:00,true,"",false,"",draft_innovation,,,Basic Land — Swamp,"({T}: Add {B}.)",,56719F6A-1A6C-4C0A-8D21-18F7D7350B68,normal,0,0,"446220",359064,296D546A-7481-4CB9-9170-59402592507B,,,,,0,B,0,"",0,B,true,false,bbd,https://scryfall.com/card/bbd/252/swamp?utm_source=api,legal,legal,legal,legal,legal,legal,legal,legal,legal,legal,legal,legal,legal,legal,legal,legal,legal,legal,legal,not_legal,legal,legal,2024-11-06T09:23:25.044-09:00,,
1,"Swamp Mosquito","Swamp Mosquito","",TSB,49,,Normal,Special,,,,,true,"",false,"",expansion,,{1}{B},Creature — Insect,"Flying; Whenever Swamp Mosquito attacks and isn't blocked, defending player gets a poison counter. (A player with ten or more poison counters loses the game.)",B,4BB4844C-2678-45C7-8F5E-9CF185FD484B,normal,,26069,"106656",14152,450800C5-28E0-4EEB-9164-DB9FDEBC595F,,,0,1,2,B,15212,"Flying",12669,,true,false,tsb,https://scryfall.com/card/tsb/49/swamp-mosquito?utm_source=api,not_legal,not_legal,not_legal,not_legal,not_legal,not_legal,not_legal,legal,legal,legal,legal,legal,legal,legal,not_legal,not_legal,not_legal,legal,legal,not_legal,legal,legal,2024-11-06T09:26:08.037-09:00,,
1,"Toxic Nim","Toxic Nim","New Phyrexia",NPH,75,English,Normal,Common,39594,417126,0.15,2024-04-17T22:16:38.158-08:00,true,"",false,"",expansion,,{4}{B}{B},Creature — Phyrexian Zombie,"Infect (This creature deals damage to creatures in the form of -1/-1 counters and to players in the form of poison counters.); {B}: Regenerate Toxic Nim.",B,AFC2A3A7-EB69-4FCB-B3A3-444DCCB735D7,normal,0,40014,"233081",245902,5823990C-8D40-4352-8D34-74332934ADB2,,,4,1,6,B,15659,"Infect",14515,,false,false,nph,https://scryfall.com/card/nph/75/toxic-nim?utm_source=api,not_legal,not_legal,not_legal,not_legal,not_legal,not_legal,not_legal,legal,legal,legal,legal,legal,legal,legal,not_legal,not_legal,not_legal,legal,legal,not_legal,not_legal,legal,2024-11-06T09:24:50.847-09:00,,
1,"Vat Emergence","Vat Emergence","Phyrexia: All Will Be One",ONE,112,English,Foil,Uncommon,479433,6957243,0.62,2024-02-06T00:30:01.000-09:00,true,"",false,"",expansion,,{4}{B},Sorcery,"Put target creature card from a graveyard onto the battlefield under your control. Proliferate. (Choose any number of permanents and/or players, then give each another counter of each kind already there.)",B,03E59169-D8F8-40DA-B5F7-645D16365E7B,normal,83812,106439,"602642",694671,3A2AEAEB-7853-4588-8A5E-CFD997BA8515,,,,,5,B,3355,"Proliferate",0,,false,false,one,https://scryfall.com/card/one/112/vat-emergence?utm_source=api,legal,legal,legal,legal,legal,legal,legal,legal,legal,not_legal,legal,not_legal,legal,legal,legal,legal,not_legal,not_legal,legal,not_legal,not_legal,not_legal,2024-11-06T09:23:24.995-09:00,,
1,"Volatile Fault","Volatile Fault","The Lost Caverns of Ixalan",LCI,286,English,Normal,Uncommon,526363,7552012,0.14,2024-02-06T00:30:01.000-09:00,true,"",false,"",expansion,,,Land — Cave,"{T}: Add {C}.; {1}, {T}, Sacrifice Volatile Fault: Destroy target nonbasic land an opponent controls. That player may search their library for a basic land card, put it onto the battlefield, then shuffle. You create a Treasure token.",,95C44F28-F7FA-4785-83B9-0D81BE0DB0C8,normal,87452,118420,"637011",744060,9385ABF3-B067-4586-BF3D-175526CF8F0A,,,,,0,,3432,"Treasure",474,C,false,false,lci,https://scryfall.com/card/lci/286/volatile-fault?utm_source=api,legal,legal,legal,legal,legal,legal,legal,legal,legal,not_legal,legal,not_legal,legal,legal,legal,legal,legal,not_legal,legal,not_legal,not_legal,not_legal,2024-11-06T09:23:24.925-09:00,,
1,"Voracious Vermin","Voracious Vermin","Wilds of Eldraine",WOE,116,English,Normal,Common,512873,7375691,0.06,2024-02-06T00:30:01.000-09:00,true,"",false,"",expansion,,{2}{B},Creature — Rat,"When Voracious Vermin enters, create a 1/1 black Rat creature token with ""This creature can't block.""; Whenever another creature you control dies, put a +1/+1 counter on Voracious Vermin.",B,8D36D80E-9934-4B56-BF3C-2B18A6DA3D2D,normal,86813,116550,"629617",729022,8059BE65-3C73-49BB-A3B6-C346CE2F9FA4,,,2,1,3,B,6156,"",4217,,false,false,woe,https://scryfall.com/card/woe/116/voracious-vermin?utm_source=api,legal,legal,legal,legal,legal,legal,legal,legal,legal,legal,legal,not_legal,legal,legal,legal,legal,legal,legal,legal,not_legal,not_legal,not_legal,2024-11-06T09:23:24.940-09:00,,
1,"Vraska's Fall","Vraska's Fall","Phyrexia: All Will Be One",ONE,116,English,Foil,Common,479363,6956075,1.77,2024-02-06T00:30:01.000-09:00,true,"",false,"",expansion,,{2}{B},Instant,"Each opponent sacrifices a creature or planeswalker and gets a poison counter.",B,33FD9192-3E9B-4D3A-92AA-06DE29D449DF,normal,83816,106447,"602646",694742,0173B7B4-2832-4943-BA45-8BA498D7A056,,,,,3,B,1559,"",4729,,false,false,one,https://scryfall.com/card/one/116/vraskas-fall?utm_source=api,legal,legal,legal,legal,legal,legal,legal,legal,legal,legal,legal,not_legal,legal,legal,legal,legal,not_legal,legal,legal,not_legal,not_legal,not_legal,2024-11-06T09:23:25.033-09:00,,
1,"Vraska, Betrayal's Sting","Vraska, Betrayal's Sting","Phyrexia: All Will Be One",ONE,115,English,Normal,Mythic,478240,6928080,8.59,2024-02-06T00:30:01.000-09:00,true,"",false,"",expansion,,{4}{B}{B/P},Legendary Planeswalker — Vraska,"Compleated ({B/P} can be paid with {B} or 2 life. If life was paid, this planeswalker enters with two fewer loyalty counters.); 0: You draw a card and you lose 1 life. Proliferate.; −2: Target creature becomes a Treasure artifact with ""{T}, Sacrifice this artifact: Add one mana of any color"" and loses all other card types and abilities.; −9: If target player has fewer than nine poison counters, they get a number of poison counters equal to the difference.",B,05D09C55-F551-4CB4-A8D2-4811DCCC848D,normal,83815,106445,"602645",692147,F59F2B07-47AD-4EFD-AE8C-1C04B9265024,,6,,,6,B,1061,"Proliferate, Compleated",0,BGRUW,false,false,one,https://scryfall.com/card/one/115/vraska-betrayals-sting?utm_source=api,legal,legal,legal,legal,legal,legal,legal,legal,legal,not_legal,legal,not_legal,legal,legal,legal,legal,not_legal,not_legal,legal,not_legal,not_legal,not_legal,2024-11-06T09:23:24.960-09:00,,
1,"Whisper of the Dross","Whisper of the Dross","Phyrexia: All Will Be One",ONE,117,English,Foil,Common,479612,6964924,0.98,2024-02-06T00:30:01.000-09:00,true,"",false,"",expansion,,{B},Instant,"Target creature gets -1/-1 until end of turn. Proliferate. (Choose any number of permanents and/or players, then give each another counter of each kind already there.)",B,23C2CDC9-2B16-423A-B932-2DAADEB1021B,normal,83817,106449,"602647",694743,58D287E8-5297-415A-97D5-02002470C52B,,,,,1,B,3230,"Proliferate",5602,,false,false,one,https://scryfall.com/card/one/117/whisper-of-the-dross?utm_source=api,legal,legal,legal,legal,legal,legal,legal,legal,legal,legal,legal,not_legal,legal,legal,legal,legal,not_legal,legal,legal,not_legal,not_legal,not_legal,2024-11-06T09:23:25.025-09:00,,
1,"Yawgmoth, Thran Physician (Borderless)","Yawgmoth, Thran Physician","Dominaria Remastered",DMR,431,English,Normal,Mythic,457088,6787674,15.23,2024-02-06T00:30:01.000-09:00,false,"legendary, inverted",true,"boosterfun",masters,,{2}{B}{B},Legendary Creature — Human Cleric,"Protection from Humans; Pay 1 life, Sacrifice another creature: Put a -1/-1 counter on up to one target creature and draw a card.; {B}{B}, Discard a card: Proliferate. (Choose any number of permanents and/or players, then give each another counter of each kind already there.)",B,A1E232C0-DC38-47BE-A5A0-F68BC1D86A29,normal,0,108091,"600982",0,09ED98E1-898B-494B-A27D-7C1AB28CD9F1,,,2,4,4,B,706,"Protection, Proliferate",0,,true,false,dmr,https://scryfall.com/card/dmr/431/yawgmoth-thran-physician?utm_source=api,not_legal,not_legal,legal,legal,legal,not_legal,not_legal,legal,legal,not_legal,legal,not_legal,legal,legal,legal,not_legal,not_legal,not_legal,legal,not_legal,not_legal,not_legal,2024-11-06T09:23:24.912-09:00,,